"Label (Grouping)","Alabama!!Total!!Estimate","Alabama!!Labor Force Participation Rate!!Estimate","Alabama!!Employment/Population Ratio!!Estimate","Alabama!!Unemployment rate!!Estimate","Alaska!!Total!!Estimate","Alaska!!Labor Force Participation Rate!!Estimate","Alaska!!Employment/Population Ratio!!Estimate","Alaska!!Unemployment rate!!Estimate","Arizona!!Total!!Estimate","Arizona!!Labor Force Participation Rate!!Estimate","Arizona!!Employment/Population Ratio!!Estimate","Arizona!!Unemployment rate!!Estimate","Arkansas!!Total!!Estimate","Arkansas!!Labor Force Participation Rate!!Estimate","Arkansas!!Employment/Population Ratio!!Estimate","Arkansas!!Unemployment rate!!Estimate","California!!Total!!Estimate","California!!Labor Force Participation Rate!!Estimate","California!!Employment/Population Ratio!!Estimate","California!!Unemployment rate!!Estimate","Colorado!!Total!!Estimate","Colorado!!Labor Force Participation Rate!!Estimate","Colorado!!Employment/Population Ratio!!Estimate","Colorado!!Unemployment rate!!Estimate","Connecticut!!Total!!Estimate","Connecticut!!Labor Force Participation Rate!!Estimate","Connecticut!!Employment/Population Ratio!!Estimate","Connecticut!!Unemployment rate!!Estimate","Delaware!!Total!!Estimate","Delaware!!Labor Force Participation Rate!!Estimate","Delaware!!Employment/Population Ratio!!Estimate","Delaware!!Unemployment rate!!Estimate","District of Columbia!!Total!!Estimate","District of Columbia!!Labor Force Participation Rate!!Estimate","District of Columbia!!Employment/Population Ratio!!Estimate","District of Columbia!!Unemployment rate!!Estimate","Florida!!Total!!Estimate","Florida!!Labor Force Participation Rate!!Estimate","Florida!!Employment/Population Ratio!!Estimate","Florida!!Unemployment rate!!Estimate","Georgia!!Total!!Estimate","Georgia!!Labor Force Participation Rate!!Estimate","Georgia!!Employment/Population Ratio!!Estimate","Georgia!!Unemployment rate!!Estimate","Hawaii!!Total!!Estimate","Hawaii!!Labor Force Participation Rate!!Estimate","Hawaii!!Employment/Population Ratio!!Estimate","Hawaii!!Unemployment rate!!Estimate","Idaho!!Total!!Estimate","Idaho!!Labor Force Participation Rate!!Estimate","Idaho!!Employment/Population Ratio!!Estimate","Idaho!!Unemployment rate!!Estimate","Illinois!!Total!!Estimate","Illinois!!Labor Force Participation Rate!!Estimate","Illinois!!Employment/Population Ratio!!Estimate","Illinois!!Unemployment rate!!Estimate","Indiana!!Total!!Estimate","Indiana!!Labor Force Participation Rate!!Estimate","Indiana!!Employment/Population Ratio!!Estimate","Indiana!!Unemployment rate!!Estimate","Iowa!!Total!!Estimate","Iowa!!Labor Force Participation Rate!!Estimate","Iowa!!Employment/Population Ratio!!Estimate","Iowa!!Unemployment rate!!Estimate","Kansas!!Total!!Estimate","Kansas!!Labor Force Participation Rate!!Estimate","Kansas!!Employment/Population Ratio!!Estimate","Kansas!!Unemployment rate!!Estimate","Kentucky!!Total!!Estimate","Kentucky!!Labor Force Participation Rate!!Estimate","Kentucky!!Employment/Population Ratio!!Estimate","Kentucky!!Unemployment rate!!Estimate","Louisiana!!Total!!Estimate","Louisiana!!Labor Force Participation Rate!!Estimate","Louisiana!!Employment/Population Ratio!!Estimate","Louisiana!!Unemployment rate!!Estimate","Maine!!Total!!Estimate","Maine!!Labor Force Participation Rate!!Estimate","Maine!!Employment/Population Ratio!!Estimate","Maine!!Unemployment rate!!Estimate","Maryland!!Total!!Estimate","Maryland!!Labor Force Participation Rate!!Estimate","Maryland!!Employment/Population Ratio!!Estimate","Maryland!!Unemployment rate!!Estimate","Massachusetts!!Total!!Estimate","Massachusetts!!Labor Force Participation Rate!!Estimate","Massachusetts!!Employment/Population Ratio!!Estimate","Massachusetts!!Unemployment rate!!Estimate","Michigan!!Total!!Estimate","Michigan!!Labor Force Participation Rate!!Estimate","Michigan!!Employment/Population Ratio!!Estimate","Michigan!!Unemployment rate!!Estimate","Minnesota!!Total!!Estimate","Minnesota!!Labor Force Participation Rate!!Estimate","Minnesota!!Employment/Population Ratio!!Estimate","Minnesota!!Unemployment rate!!Estimate","Mississippi!!Total!!Estimate","Mississippi!!Labor Force Participation Rate!!Estimate","Mississippi!!Employment/Population Ratio!!Estimate","Mississippi!!Unemployment rate!!Estimate","Missouri!!Total!!Estimate","Missouri!!Labor Force Participation Rate!!Estimate","Missouri!!Employment/Population Ratio!!Estimate","Missouri!!Unemployment rate!!Estimate","Montana!!Total!!Estimate","Montana!!Labor Force Participation Rate!!Estimate","Montana!!Employment/Population Ratio!!Estimate","Montana!!Unemployment rate!!Estimate","Nebraska!!Total!!Estimate","Nebraska!!Labor Force Participation Rate!!Estimate","Nebraska!!Employment/Population Ratio!!Estimate","Nebraska!!Unemployment rate!!Estimate","Nevada!!Total!!Estimate","Nevada!!Labor Force Participation Rate!!Estimate","Nevada!!Employment/Population Ratio!!Estimate","Nevada!!Unemployment rate!!Estimate","New Hampshire!!Total!!Estimate","New Hampshire!!Labor Force Participation Rate!!Estimate","New Hampshire!!Employment/Population Ratio!!Estimate","New Hampshire!!Unemployment rate!!Estimate","New Jersey!!Total!!Estimate","New Jersey!!Labor Force Participation Rate!!Estimate","New Jersey!!Employment/Population Ratio!!Estimate","New Jersey!!Unemployment rate!!Estimate","New Mexico!!Total!!Estimate","New Mexico!!Labor Force Participation Rate!!Estimate","New Mexico!!Employment/Population Ratio!!Estimate","New Mexico!!Unemployment rate!!Estimate","New York!!Total!!Estimate","New York!!Labor Force Participation Rate!!Estimate","New York!!Employment/Population Ratio!!Estimate","New York!!Unemployment rate!!Estimate","North Carolina!!Total!!Estimate","North Carolina!!Labor Force Participation Rate!!Estimate","North Carolina!!Employment/Population Ratio!!Estimate","North Carolina!!Unemployment rate!!Estimate","North Dakota!!Total!!Estimate","North Dakota!!Labor Force Participation Rate!!Estimate","North Dakota!!Employment/Population Ratio!!Estimate","North Dakota!!Unemployment rate!!Estimate","Ohio!!Total!!Estimate","Ohio!!Labor Force Participation Rate!!Estimate","Ohio!!Employment/Population Ratio!!Estimate","Ohio!!Unemployment rate!!Estimate","Oklahoma!!Total!!Estimate","Oklahoma!!Labor Force Participation Rate!!Estimate","Oklahoma!!Employment/Population Ratio!!Estimate","Oklahoma!!Unemployment rate!!Estimate","Oregon!!Total!!Estimate","Oregon!!Labor Force Participation Rate!!Estimate","Oregon!!Employment/Population Ratio!!Estimate","Oregon!!Unemployment rate!!Estimate","Pennsylvania!!Total!!Estimate","Pennsylvania!!Labor Force Participation Rate!!Estimate","Pennsylvania!!Employment/Population Ratio!!Estimate","Pennsylvania!!Unemployment rate!!Estimate","Rhode Island!!Total!!Estimate","Rhode Island!!Labor Force Participation Rate!!Estimate","Rhode Island!!Employment/Population Ratio!!Estimate","Rhode Island!!Unemployment rate!!Estimate","South Carolina!!Total!!Estimate","South Carolina!!Labor Force Participation Rate!!Estimate","South Carolina!!Employment/Population Ratio!!Estimate","South Carolina!!Unemployment rate!!Estimate","South Dakota!!Total!!Estimate","South Dakota!!Labor Force Participation Rate!!Estimate","South Dakota!!Employment/Population Ratio!!Estimate","South Dakota!!Unemployment rate!!Estimate","Tennessee!!Total!!Estimate","Tennessee!!Labor Force Participation Rate!!Estimate","Tennessee!!Employment/Population Ratio!!Estimate","Tennessee!!Unemployment rate!!Estimate","Texas!!Total!!Estimate","Texas!!Labor Force Participation Rate!!Estimate","Texas!!Employment/Population Ratio!!Estimate","Texas!!Unemployment rate!!Estimate","Utah!!Total!!Estimate","Utah!!Labor Force Participation Rate!!Estimate","Utah!!Employment/Population Ratio!!Estimate","Utah!!Unemployment rate!!Estimate","Vermont!!Total!!Estimate","Vermont!!Labor Force Participation Rate!!Estimate","Vermont!!Employment/Population Ratio!!Estimate","Vermont!!Unemployment rate!!Estimate","Virginia!!Total!!Estimate","Virginia!!Labor Force Participation Rate!!Estimate","Virginia!!Employment/Population Ratio!!Estimate","Virginia!!Unemployment rate!!Estimate","Washington!!Total!!Estimate","Washington!!Labor Force Participation Rate!!Estimate","Washington!!Employment/Population Ratio!!Estimate","Washington!!Unemployment rate!!Estimate","West Virginia!!Total!!Estimate","West Virginia!!Labor Force Participation Rate!!Estimate","West Virginia!!Employment/Population Ratio!!Estimate","West Virginia!!Unemployment rate!!Estimate","Wisconsin!!Total!!Estimate","Wisconsin!!Labor Force Participation Rate!!Estimate","Wisconsin!!Employment/Population Ratio!!Estimate","Wisconsin!!Unemployment rate!!Estimate","Wyoming!!Total!!Estimate","Wyoming!!Labor Force Participation Rate!!Estimate","Wyoming!!Employment/Population Ratio!!Estimate","Wyoming!!Unemployment rate!!Estimate","Puerto Rico!!Total!!Estimate","Puerto Rico!!Labor Force Participation Rate!!Estimate","Puerto Rico!!Employment/Population Ratio!!Estimate","Puerto Rico!!Unemployment rate!!Estimate"
"Population 16 years and over","3,937,453","58.0%","54.7%","4.9%","569,699","66.3%","59.3%","5.8%","5,820,607","60.2%","56.8%","5.1%","2,401,299","58.2%","55.2%","4.8%","31,617,786","64.0%","60.3%","5.1%","4,645,780","68.5%","65.3%","3.7%","2,926,854","66.2%","62.3%","5.3%","792,119","62.4%","58.8%","4.6%","587,819","70.8%","66.0%","6.3%","17,719,854","59.3%","56.2%","4.5%","8,394,269","63.2%","59.6%","4.8%","1,147,569","64.9%","58.5%","3.9%","1,386,665","63.6%","61.2%","3.3%","10,184,783","65.1%","61.7%","4.8%","5,346,452","64.0%","61.2%","4.2%","2,516,898","66.9%","64.3%","3.7%","2,292,476","66.9%","63.5%","3.8%","3,581,569","59.0%","55.8%","4.8%","3,684,053","59.2%","55.4%","5.5%","1,128,168","63.0%","60.7%","3.5%","4,862,424","67.5%","63.7%","4.5%","5,707,254","67.6%","64.8%","3.9%","8,095,913","61.9%","58.7%","5.0%","4,479,456","69.5%","67.2%","3.2%","2,360,508","56.9%","52.6%","6.6%","4,918,035","62.6%","59.8%","3.8%","869,402","62.7%","59.8%","4.1%","1,509,290","69.5%","66.8%","3.3%","2,465,233","63.6%","60.0%","5.1%","1,137,316","66.8%","64.7%","3.0%","7,168,432","66.0%","62.7%","4.7%","1,678,187","58.0%","54.1%","5.5%","15,895,561","63.4%","60.5%","4.4%","8,457,219","62.3%","58.4%","4.6%","602,982","70.4%","67.3%","2.6%","9,407,641","63.5%","60.5%","4.6%","3,110,626","60.9%","57.6%","4.4%","3,451,654","62.5%","59.3%","5.0%","10,474,419","62.9%","60.0%","4.5%","880,978","65.3%","62.2%","4.2%","4,158,317","60.4%","56.7%","4.7%","692,113","67.9%","65.4%","3.0%","5,487,875","61.7%","58.6%","4.5%","22,425,612","65.0%","61.7%","4.4%","2,378,652","69.7%","67.2%","3.2%","525,153","65.4%","63.1%","3.4%","6,880,704","66.0%","61.5%","4.0%","6,128,444","65.1%","61.2%","4.6%","1,476,688","53.8%","50.4%","6.0%","4,707,424","65.9%","63.8%","3.2%","458,477","64.8%","61.9%","3.6%","2,699,404","45.1%","38.7%","14.1%"
"    AGE","","","","","","","","","","","","","","","","","","","","","","","","","","","","","","","","","","","","","","","","","","","","","","","","","","","","","","","","","","","","","","","","","","","","","","","","","","","","","","","","","","","","","","","","","","","","","","","","","","","","","","","","","","","","","","","","","","","","","","","","","","","","","","","","","","","","","","","","","","","","","","","","","","","","","","","","","","","","","","","","","","","","","","","","","","","","","","","","","","","","","","","","","","","","","","","","","","","","","","","","","","","","","","","",""
"        16 to 19 years","259,656","38.7%","32.9%","14.1%","38,005","42.7%","32.8%","16.5%","385,068","39.8%","32.4%","18.0%","166,933","35.8%","28.3%","20.7%","2,041,123","31.0%","24.8%","18.4%","290,499","46.9%","40.2%","12.4%","190,495","40.2%","33.2%","16.0%","47,443","42.8%","35.6%","15.9%","32,463","29.4%","21.9%","24.4%","968,969","34.6%","28.8%","15.6%","599,647","37.1%","30.6%","16.1%","61,801","41.5%","28.2%","27.7%","95,606","49.9%","43.5%","12.7%","660,996","40.9%","34.5%","14.6%","376,598","44.6%","39.1%","12.2%","176,688","52.7%","45.4%","13.7%","161,528","50.9%","43.9%","12.7%","239,043","44.9%","38.5%","13.1%","245,192","34.5%","29.1%","14.5%","62,722","54.1%","48.0%","11.3%","306,550","38.1%","31.6%","15.9%","372,338","43.1%","37.8%","12.1%","526,512","46.7%","40.2%","13.6%","286,870","54.6%","48.8%","10.4%","180,055","32.5%","24.0%","23.4%","316,881","45.6%","38.6%","12.7%","59,093","50.9%","43.6%","14.2%","104,802","50.9%","43.7%","13.9%","145,916","40.9%","32.5%","19.5%","72,902","47.8%","43.4%","8.7%","441,169","34.8%","29.2%","15.6%","114,480","38.8%","32.6%","14.2%","965,479","31.4%","26.6%","14.9%","581,014","40.6%","32.8%","16.3%","37,788","51.5%","45.7%","9.8%","614,060","48.7%","41.6%","14.4%","221,309","39.5%","33.3%","13.4%","197,390","40.3%","32.3%","19.2%","649,829","43.6%","38.1%","12.3%","59,859","47.2%","39.4%","16.4%","273,695","41.2%","32.9%","15.3%","46,396","51.6%","46.0%","10.4%","350,246","44.0%","37.5%","14.3%","1,669,014","36.3%","30.4%","14.5%","199,681","55.6%","48.9%","11.9%","36,472","43.0%","38.7%","9.5%","448,646","44.0%","35.6%","15.2%","362,298","41.2%","33.2%","18.4%","89,266","35.4%","29.5%","16.6%","305,564","52.5%","47.2%","10.0%","30,864","46.4%","39.8%","13.7%","173,135","15.9%","8.8%","44.4%"
"        20 to 24 years","317,739","71.5%","64.2%","9.2%","47,636","78.5%","60.0%","10.4%","490,999","78.1%","70.1%","8.0%","197,910","72.9%","65.4%","9.6%","2,638,791","72.7%","64.3%","9.2%","380,338","81.2%","73.8%","5.7%","239,939","77.4%","68.6%","9.7%","57,365","78.0%","69.8%","8.2%","50,211","69.5%","57.1%","16.7%","1,266,383","75.4%","67.7%","8.2%","714,400","73.5%","64.7%","9.3%","89,100","80.8%","59.2%","5.3%","120,062","81.5%","77.6%","4.0%","829,093","75.9%","68.7%","8.7%","467,839","77.1%","70.6%","8.1%","217,206","81.5%","76.2%","6.3%","212,867","80.4%","71.9%","6.9%","294,084","78.0%","69.5%","9.4%","298,660","73.2%","65.0%","8.6%","74,294","81.5%","75.9%","6.4%","372,016","77.8%","68.7%","9.2%","484,340","75.6%","70.8%","6.2%","674,774","79.0%","72.4%","8.2%","345,374","84.9%","80.2%","5.4%","200,789","67.6%","57.2%","13.4%","394,992","77.3%","71.0%","6.7%","68,359","78.3%","71.2%","6.9%","132,718","85.0%","78.1%","6.6%","182,851","80.0%","72.7%","7.9%","84,664","81.3%","76.5%","5.3%","536,034","74.1%","66.4%","9.7%","137,719","73.9%","66.4%","6.3%","1,265,348","70.6%","63.7%","8.8%","689,128","75.7%","63.7%","8.7%","60,819","84.7%","76.3%","5.2%","743,776","78.6%","72.5%","7.4%","270,073","74.7%","67.3%","7.1%","266,146","77.6%","69.4%","9.2%","796,554","75.0%","68.4%","8.7%","74,167","74.6%","66.1%","10.3%","321,418","75.6%","65.5%","9.0%","57,688","80.4%","72.7%","7.3%","443,667","77.6%","71.2%","7.2%","1,984,048","74.9%","67.5%","7.9%","267,379","83.8%","78.8%","5.0%","43,123","80.4%","73.2%","8.6%","559,301","76.7%","65.4%","7.2%","475,822","79.8%","69.9%","7.8%","106,336","71.6%","63.6%","11.1%","386,575","80.5%","76.3%","5.1%","37,766","76.0%","65.2%","10.1%","224,534","55.7%","37.6%","32.4%"
"        25 to 29 years","325,338","80.8%","74.9%","6.3%","60,357","79.1%","66.3%","8.4%","524,185","81.7%","76.6%","5.4%","200,273","79.5%","74.1%","5.6%","3,085,132","83.1%","77.3%","5.7%","459,622","86.2%","81.7%","3.4%","222,301","85.7%","79.3%","6.4%","65,209","84.6%","77.5%","4.8%","82,476","85.4%","80.1%","5.6%","1,396,238","83.4%","78.1%","5.2%","750,041","82.9%","76.2%","6.1%","100,380","83.3%","71.0%","3.0%","120,513","81.0%","77.2%","3.6%","891,614","85.3%","80.1%","5.6%","457,768","83.8%","79.7%","4.6%","205,568","87.5%","84.8%","2.9%","191,948","87.8%","81.8%","4.0%","303,157","79.5%","74.0%","5.4%","326,337","77.5%","70.9%","7.0%","82,168","82.8%","77.9%","4.4%","405,838","85.0%","78.4%","6.1%","502,409","88.0%","84.3%","4.0%","689,462","84.2%","79.0%","6.0%","381,052","89.0%","86.4%","2.8%","190,095","77.9%","69.1%","9.1%","421,412","84.3%","80.8%","3.4%","68,563","86.8%","81.2%","5.5%","130,734","88.5%","84.6%","3.0%","224,382","82.8%","78.1%","4.8%","85,938","90.0%","85.9%","4.2%","576,949","85.3%","80.2%","5.4%","143,017","77.0%","69.8%","7.2%","1,459,455","85.1%","80.3%","5.3%","715,026","83.8%","76.3%","5.6%","63,936","88.9%","81.4%","3.4%","794,615","85.1%","80.3%","5.2%","271,492","80.3%","74.0%","5.3%","296,394","83.6%","79.3%","5.0%","858,956","84.6%","80.2%","5.0%","76,317","86.6%","81.1%","4.8%","343,711","83.1%","76.3%","5.7%","57,689","86.0%","82.3%","3.5%","482,585","83.3%","77.9%","5.2%","2,143,433","82.0%","76.9%","5.0%","250,777","84.5%","81.9%","2.7%","40,598","88.2%","83.6%","4.8%","595,190","85.3%","77.8%","4.2%","586,410","84.9%","78.4%","4.4%","112,648","78.9%","73.1%","6.7%","375,461","87.3%","84.2%","3.4%","38,130","84.6%","80.9%","2.6%","203,972","71.3%","59.1%","16.7%"
"        30 to 34 years","312,065","79.9%","75.1%","4.4%","57,621","81.0%","70.0%","5.0%","477,409","80.5%","75.7%","5.2%","186,329","80.3%","76.6%","3.8%","2,950,920","83.3%","78.7%","4.5%","448,005","86.1%","82.2%","3.3%","222,208","86.7%","81.9%","4.7%","63,203","85.6%","81.9%","3.4%","81,899","92.4%","88.3%","3.6%","1,371,822","82.6%","78.3%","4.2%","708,555","81.4%","76.3%","4.5%","95,401","83.3%","72.7%","3.9%","114,287","81.0%","77.6%","3.0%","856,709","86.4%","82.2%","4.5%","428,551","82.5%","79.5%","3.5%","194,731","87.4%","84.3%","3.3%","185,425","84.8%","81.1%","2.5%","273,535","80.1%","76.0%","4.5%","317,085","78.5%","73.0%","5.9%","82,063","84.5%","82.3%","2.3%","414,737","86.6%","81.1%","4.3%","490,198","87.9%","84.0%","4.2%","612,555","83.8%","79.4%","5.2%","384,526","88.6%","85.8%","3.0%","178,132","77.8%","72.1%","5.7%","402,310","83.7%","80.2%","3.4%","64,556","83.0%","79.7%","3.2%","127,197","88.1%","84.7%","2.6%","224,673","83.2%","78.6%","4.5%","84,792","85.6%","81.9%","3.7%","571,509","84.6%","81.1%","3.6%","135,610","79.1%","73.0%","6.4%","1,405,946","85.5%","81.7%","4.1%","686,637","83.7%","78.4%","4.3%","53,638","91.4%","86.8%","2.8%","750,102","84.3%","80.6%","4.1%","265,507","79.8%","75.1%","4.5%","298,191","83.0%","78.7%","5.1%","845,892","84.9%","80.7%","4.5%","71,863","85.4%","82.7%","2.8%","327,046","83.5%","79.0%","4.0%","56,731","87.4%","85.6%","1.3%","452,293","82.9%","78.3%","4.5%","2,099,228","81.6%","77.6%","3.9%","221,376","81.3%","79.5%","1.8%","36,051","87.1%","84.5%","2.8%","579,465","85.4%","78.2%","4.0%","577,600","83.1%","78.2%","4.2%","98,619","75.0%","69.0%","7.0%","361,854","87.0%","83.8%","3.4%","38,519","87.0%","84.1%","1.8%","181,558","76.5%","66.2%","13.3%"
"        35 to 44 years","605,739","78.8%","74.3%","4.8%","93,035","82.1%","75.5%","4.0%","898,533","80.1%","76.6%","3.7%","377,184","79.7%","76.4%","3.7%","5,298,911","82.5%","78.8%","4.0%","805,306","85.1%","81.9%","2.9%","426,967","87.7%","83.8%","4.1%","113,704","85.4%","80.6%","4.4%","108,905","89.6%","84.8%","4.7%","2,612,250","82.5%","78.8%","3.9%","1,401,934","82.2%","78.9%","3.3%","185,133","85.4%","78.2%","3.1%","225,804","81.8%","79.9%","1.8%","1,641,179","84.8%","81.4%","3.7%","825,768","82.7%","79.6%","3.6%","392,097","89.0%","85.8%","3.4%","362,905","85.7%","81.9%","3.3%","556,896","79.4%","75.5%","4.3%","606,785","79.2%","74.9%","4.7%","153,615","85.3%","82.2%","3.2%","786,924","86.9%","83.1%","3.3%","849,654","86.7%","83.9%","3.0%","1,174,029","83.2%","79.5%","4.4%","730,399","89.3%","87.1%","2.3%","379,610","77.8%","73.1%","5.4%","756,709","83.8%","80.8%","3.0%","132,472","84.9%","81.6%","3.3%","243,052","88.5%","86.4%","1.8%","410,321","82.9%","79.1%","3.9%","158,985","85.5%","83.2%","2.3%","1,144,104","85.8%","82.3%","3.7%","261,847","77.6%","72.7%","5.0%","2,430,106","83.8%","80.8%","3.4%","1,312,661","82.7%","78.9%","3.6%","96,037","90.4%","88.5%","1.6%","1,404,148","83.7%","80.1%","4.0%","501,516","79.6%","76.1%","3.5%","578,846","83.1%","79.9%","3.7%","1,520,179","84.0%","80.9%","3.4%","124,433","84.8%","82.4%","1.9%","628,604","82.1%","78.0%","3.9%","106,071","87.5%","84.2%","3.3%","849,159","80.6%","76.7%","4.3%","3,959,419","81.7%","78.5%","3.3%","443,692","83.2%","81.3%","1.9%","70,815","86.4%","84.2%","2.2%","1,128,152","84.9%","79.5%","3.2%","1,032,245","83.1%","79.2%","3.4%","219,899","76.1%","71.0%","6.3%","714,436","86.8%","84.5%","2.5%","73,671","85.5%","84.0%","1.3%","395,192","75.1%","65.5%","12.4%"
"        45 to 54 years","609,391","75.5%","72.7%","3.3%","87,687","81.2%","77.4%","3.7%","853,081","79.8%","76.9%","3.5%","362,384","76.1%","73.8%","2.9%","4,974,817","81.3%","78.0%","3.8%","704,792","84.2%","81.3%","3.1%","480,565","83.1%","79.5%","4.0%","118,670","82.3%","79.7%","3.0%","74,493","82.1%","76.1%","7.0%","2,708,234","80.9%","78.2%","3.1%","1,397,014","80.4%","77.5%","3.4%","168,179","83.9%","80.2%","2.8%","202,347","83.4%","81.3%","2.3%","1,602,369","82.9%","79.7%","3.7%","827,420","81.7%","79.3%","2.8%","358,447","86.5%","84.2%","2.7%","327,291","85.1%","82.5%","2.6%","562,400","74.4%","72.2%","2.9%","544,724","74.8%","71.6%","3.9%","176,429","83.4%","81.5%","2.1%","795,954","85.8%","82.8%","3.1%","894,405","85.2%","82.5%","3.1%","1,252,699","80.1%","77.3%","3.5%","672,810","88.6%","86.4%","2.4%","361,557","74.4%","71.0%","4.0%","730,645","81.1%","78.5%","3.1%","117,178","83.5%","81.8%","2.0%","216,099","87.4%","85.3%","2.1%","396,104","81.8%","78.6%","3.7%","182,129","86.2%","84.9%","1.5%","1,199,976","84.6%","81.6%","3.5%","235,075","77.1%","73.8%","3.9%","2,471,667","81.9%","79.2%","3.2%","1,363,200","80.6%","77.9%","3.0%","76,528","86.2%","84.4%","1.5%","1,451,339","82.0%","79.0%","3.6%","452,720","77.3%","74.5%","3.3%","511,021","82.5%","79.4%","3.7%","1,605,639","82.1%","79.1%","3.6%","135,828","83.1%","80.7%","2.6%","635,042","79.5%","77.0%","2.7%","96,689","86.2%","84.2%","2.3%","872,195","78.0%","75.5%","3.1%","3,556,845","80.0%","77.4%","3.0%","329,369","84.8%","82.3%","2.7%","78,203","84.4%","82.8%","1.7%","1,095,894","82.9%","79.6%","2.8%","925,768","83.3%","80.1%","3.6%","226,692","72.5%","69.4%","4.1%","719,293","85.8%","83.8%","2.3%","63,810","85.1%","81.8%","3.7%","412,923","65.4%","59.6%","8.6%"
"        55 to 59 years","321,296","65.3%","63.6%","2.7%","48,858","71.1%","68.2%","4.0%","445,006","69.7%","67.2%","3.5%","192,477","66.5%","65.1%","2.0%","2,461,936","72.9%","70.2%","3.6%","357,955","77.3%","75.0%","2.9%","258,972","77.6%","74.7%","3.8%","66,092","76.6%","73.4%","3.6%","37,365","72.3%","70.0%","3.2%","1,475,419","71.2%","68.9%","3.2%","685,356","70.1%","68.2%","2.7%","87,409","75.3%","73.7%","2.0%","104,642","73.5%","70.8%","3.6%","840,754","75.3%","72.5%","3.7%","446,115","73.6%","71.6%","2.7%","210,384","78.2%","76.1%","2.6%","181,715","77.7%","76.0%","2.1%","295,568","62.9%","61.2%","2.8%","295,758","63.7%","61.0%","4.0%","102,302","75.0%","73.3%","2.4%","413,230","78.5%","76.3%","2.8%","483,588","79.4%","76.7%","3.3%","701,709","71.6%","69.3%","3.3%","386,481","81.4%","79.1%","2.8%","192,721","64.7%","62.2%","3.7%","420,294","71.3%","69.3%","2.8%","72,614","73.4%","71.3%","2.9%","119,981","81.7%","80.1%","1.9%","197,914","69.9%","66.6%","4.7%","110,803","80.3%","78.6%","2.1%","620,252","78.4%","75.5%","3.7%","132,366","67.7%","65.2%","3.7%","1,319,671","74.2%","71.9%","3.2%","700,481","70.1%","68.2%","2.5%","47,196","81.0%","80.1%","1.1%","793,376","73.4%","71.5%","2.6%","249,998","68.4%","66.3%","2.9%","259,855","71.3%","69.1%","3.0%","895,407","75.1%","72.6%","3.3%","73,453","77.8%","75.3%","2.9%","352,888","69.1%","67.0%","3.1%","58,677","80.4%","79.6%","1.0%","460,144","68.8%","66.9%","2.8%","1,689,099","72.8%","70.6%","2.9%","147,856","76.7%","75.8%","1.2%","44,207","77.8%","75.3%","3.2%","571,897","75.8%","73.7%","2.6%","478,059","74.5%","72.1%","3.1%","121,475","62.2%","60.2%","3.0%","415,388","78.2%","76.6%","2.0%","37,601","78.1%","77.0%","1.3%","215,519","47.2%","42.5%","9.8%"
"        60 to 64 years","331,917","49.0%","47.9%","2.3%","45,912","56.1%","53.8%","4.1%","439,085","54.0%","52.4%","3.1%","193,572","50.8%","49.2%","3.0%","2,331,158","58.7%","56.7%","3.4%","353,885","62.3%","60.6%","2.8%","256,375","67.0%","64.2%","4.1%","70,795","58.5%","56.7%","3.1%","32,470","57.8%","55.1%","4.8%","1,422,341","56.1%","54.3%","3.2%","614,130","55.0%","53.5%","2.7%","90,696","64.7%","63.6%","1.7%","114,787","56.1%","54.4%","3.0%","816,708","60.2%","58.0%","3.7%","431,921","60.1%","58.9%","2.0%","208,202","64.8%","64.0%","1.2%","190,801","64.0%","62.7%","2.0%","302,327","48.6%","47.6%","2.0%","307,318","50.7%","49.0%","3.3%","108,597","60.6%","59.5%","1.8%","407,288","63.8%","62.0%","2.9%","458,029","67.2%","65.3%","2.8%","697,764","53.7%","52.3%","2.6%","370,453","65.6%","64.1%","2.2%","190,745","49.2%","47.9%","2.5%","416,849","54.8%","53.7%","2.1%","78,658","58.1%","56.8%","2.3%","122,412","69.1%","67.6%","2.2%","184,853","54.9%","53.2%","3.2%","103,956","66.2%","64.9%","2.0%","603,364","65.9%","63.6%","3.5%","140,343","49.7%","47.9%","3.6%","1,281,921","59.8%","58.0%","3.1%","658,137","54.6%","53.1%","2.7%","46,863","64.6%","63.8%","1.2%","812,677","57.7%","56.5%","2.1%","242,789","56.1%","55.0%","1.7%","276,315","56.8%","55.2%","2.9%","913,745","59.4%","57.8%","2.8%","77,903","66.4%","64.2%","3.3%","340,375","52.4%","50.7%","3.3%","58,373","67.3%","66.7%","0.9%","438,621","53.4%","52.2%","2.1%","1,585,799","59.7%","57.9%","3.0%","153,324","61.9%","60.7%","1.9%","50,483","64.3%","63.8%","0.9%","543,823","61.1%","59.8%","2.1%","482,557","58.6%","56.7%","3.2%","134,353","47.1%","45.9%","2.5%","408,957","62.2%","60.8%","2.2%","39,327","56.6%","54.6%","3.5%","212,906","29.2%","27.4%","6.1%"
"        65 to 74 years","505,557","21.8%","21.3%","2.1%","61,658","31.7%","29.9%","5.6%","751,831","23.5%","22.6%","4.1%","303,422","23.0%","22.4%","2.4%","3,391,856","27.3%","26.4%","3.5%","524,969","29.2%","28.4%","2.5%","352,559","33.8%","32.5%","3.9%","112,847","23.3%","22.5%","3.6%","50,587","33.6%","32.5%","3.2%","2,463,083","23.9%","23.0%","4.0%","933,722","24.8%","24.0%","3.3%","153,238","33.0%","32.2%","2.4%","174,120","25.1%","24.7%","1.3%","1,182,015","27.3%","26.7%","2.2%","637,375","27.2%","26.5%","2.6%","311,643","28.1%","27.7%","1.4%","274,666","30.9%","30.3%","2.0%","454,932","22.4%","21.7%","3.1%","446,721","25.8%","24.9%","3.5%","169,556","29.3%","28.3%","3.3%","564,533","32.8%","31.7%","3.3%","676,157","33.5%","32.7%","2.5%","1,041,813","22.7%","22.1%","2.7%","533,366","28.1%","27.6%","2.1%","289,064","23.0%","22.2%","3.3%","609,250","24.6%","24.0%","2.6%","126,488","25.7%","25.2%","1.9%","179,065","32.1%","31.5%","1.8%","305,843","23.9%","22.7%","4.7%","152,050","31.2%","30.4%","2.3%","837,002","32.3%","31.1%","3.4%","224,011","25.0%","23.9%","4.3%","1,863,892","28.4%","27.5%","3.1%","1,047,490","24.7%","24.2%","2.2%","67,281","33.4%","33.2%","0.5%","1,187,641","25.9%","25.2%","2.7%","368,463","26.8%","26.1%","2.6%","467,259","24.3%","23.3%","4.3%","1,353,195","28.0%","27.1%","3.0%","107,381","29.7%","29.0%","2.3%","571,319","22.9%","22.2%","3.3%","90,443","35.2%","35.2%","0.2%","680,190","24.1%","23.5%","2.5%","2,259,341","28.6%","27.6%","3.5%","219,213","28.2%","27.5%","2.2%","75,354","36.4%","35.8%","1.7%","809,641","29.2%","28.5%","2.3%","736,308","24.8%","24.2%","2.6%","217,526","20.5%","19.9%","3.0%","597,951","24.6%","24.1%","1.7%","60,674","27.4%","26.8%","2.5%","366,492","11.1%","10.6%","5.1%"
"        75 years and over","348,755","6.3%","6.1%","2.5%","28,930","7.1%","7.1%","0.0%","555,410","5.9%","5.7%","4.9%","220,815","5.9%","5.8%","1.8%","2,443,142","7.0%","6.8%","3.6%","320,409","8.2%","8.1%","1.8%","276,473","9.5%","9.1%","3.7%","76,791","9.0%","8.6%","4.3%","36,950","11.8%","11.5%","2.9%","2,035,115","6.3%","6.1%","3.2%","589,470","6.2%","6.1%","2.7%","116,232","8.8%","8.4%","4.3%","114,497","6.6%","6.4%","4.5%","863,346","7.1%","6.9%","2.7%","447,097","7.6%","7.4%","2.2%","241,932","6.9%","6.7%","2.4%","203,330","8.2%","8.0%","1.8%","299,627","6.8%","6.5%","3.8%","295,473","9.1%","8.8%","3.2%","116,422","7.7%","7.5%","2.7%","395,354","8.3%","8.1%","2.7%","496,136","8.4%","8.1%","3.4%","724,596","5.9%","5.7%","3.0%","388,125","7.0%","6.9%","2.2%","197,740","6.6%","6.5%","1.8%","448,693","6.9%","6.7%","3.3%","81,421","8.3%","7.9%","5.4%","133,230","8.6%","8.4%","2.5%","192,376","6.6%","6.2%","5.6%","101,097","8.2%","8.0%","2.4%","638,073","8.5%","8.2%","2.8%","153,719","6.2%","6.0%","3.2%","1,432,076","7.5%","7.2%","3.3%","703,445","6.6%","6.5%","2.7%","52,896","7.4%","7.3%","1.7%","855,907","7.2%","6.9%","3.4%","266,759","8.0%","7.9%","1.5%","300,237","6.4%","6.0%","4.8%","1,035,023","7.6%","7.4%","2.9%","79,774","6.9%","6.8%","1.8%","364,219","6.7%","6.4%","3.4%","63,356","8.8%","8.8%","0.8%","458,775","7.1%","6.9%","2.3%","1,479,386","7.7%","7.5%","2.2%","145,985","8.0%","7.8%","2.3%","49,847","8.9%","8.7%","2.7%","548,695","7.6%","7.4%","2.1%","471,377","6.6%","6.4%","4.0%","149,874","6.3%","6.1%","3.3%","421,945","6.3%","6.1%","2.5%","38,115","7.7%","7.6%","1.4%","313,173","2.9%","2.9%","2.2%"
"    RACE AND HISPANIC OR LATINO ORIGIN","","","","","","","","","","","","","","","","","","","","","","","","","","","","","","","","","","","","","","","","","","","","","","","","","","","","","","","","","","","","","","","","","","","","","","","","","","","","","","","","","","","","","","","","","","","","","","","","","","","","","","","","","","","","","","","","","","","","","","","","","","","","","","","","","","","","","","","","","","","","","","","","","","","","","","","","","","","","","","","","","","","","","","","","","","","","","","","","","","","","","","","","","","","","","","","","","","","","","","","","","","","","","","","",""
"        White alone","2,726,693","57.1%","54.5%","3.8%","384,177","66.9%","60.3%","4.1%","4,637,981","59.3%","56.2%","4.6%","1,880,166","57.7%","55.1%","4.1%","19,062,187","63.1%","59.5%","4.8%","3,942,380","68.4%","65.4%","3.4%","2,239,782","65.3%","61.8%","4.8%","554,870","60.2%","57.2%","3.8%","266,049","80.8%","78.1%","2.4%","13,540,313","57.6%","54.9%","4.0%","4,983,407","61.9%","58.9%","3.7%","293,823","64.9%","53.4%","3.8%","1,252,013","63.2%","60.8%","3.3%","7,405,557","65.1%","62.3%","3.9%","4,501,209","64.0%","61.5%","3.7%","2,290,999","66.4%","64.1%","3.3%","1,950,448","66.5%","63.4%","3.5%","3,147,399","58.2%","55.3%","4.5%","2,339,543","59.4%","56.3%","4.2%","1,068,160","62.9%","60.6%","3.4%","2,729,814","66.3%","63.2%","3.4%","4,487,824","66.9%","64.5%","3.5%","6,452,546","61.8%","59.2%","4.1%","3,782,319","69.0%","67.1%","2.6%","1,412,425","56.8%","53.7%","4.4%","4,093,009","62.2%","59.8%","3.3%","779,780","62.5%","60.1%","3.4%","1,323,923","69.2%","67.1%","2.6%","1,637,610","61.4%","58.1%","4.9%","1,061,582","66.5%","64.5%","2.8%","4,916,597","65.2%","62.5%","3.9%","1,259,483","57.6%","54.0%","4.9%","10,238,572","63.4%","60.9%","3.6%","5,902,123","61.3%","57.8%","3.8%","527,162","69.8%","67.3%","1.9%","7,752,042","63.4%","61.0%","3.6%","2,321,524","60.5%","57.5%","3.8%","2,925,142","61.5%","58.4%","4.9%","8,517,237","62.9%","60.5%","3.7%","712,525","64.6%","62.1%","3.3%","2,850,865","59.7%","56.5%","3.9%","597,878","68.7%","67.0%","2.1%","4,317,677","60.9%","58.2%","3.9%","16,598,152","64.1%","61.2%","4.0%","2,087,376","69.1%","66.8%","2.9%","494,574","65.1%","62.9%","3.2%","4,703,880","64.8%","60.7%","3.2%","4,654,187","63.5%","59.8%","4.4%","1,381,178","53.9%","50.6%","5.9%","4,098,978","66.2%","64.2%","2.8%","421,131","64.7%","62.2%","3.1%","1,749,952","44.0%","38.3%","12.7%"
"        Black or African American alone","1,034,142","59.3%","54.5%","7.5%","18,753","74.8%","59.3%","3.8%","264,451","68.0%","62.3%","7.4%","362,817","57.8%","53.1%","7.4%","1,866,952","59.9%","53.9%","8.3%","189,151","66.6%","60.8%","5.7%","314,575","68.1%","62.8%","7.6%","172,650","66.7%","62.1%","6.0%","256,620","59.1%","51.5%","12.6%","2,678,929","64.8%","59.7%","7.1%","2,642,411","64.6%","59.7%","6.9%","22,001","77.5%","37.3%","6.5%","N","N","N","N","1,415,862","60.6%","53.9%","10.6%","487,461","61.9%","56.5%","8.7%","92,387","71.9%","64.5%","10.1%","129,656","64.3%","57.3%","7.4%","285,107","63.6%","58.8%","6.0%","1,153,292","58.1%","53.2%","7.9%","14,938","70.3%","66.1%","4.5%","1,462,575","67.3%","62.4%","6.9%","426,843","70.2%","65.4%","6.6%","1,070,796","60.2%","54.0%","10.3%","255,685","72.5%","68.1%","6.1%","869,492","56.8%","50.5%","10.3%","541,087","62.9%","58.4%","6.5%","N","N","N","N","67,845","70.9%","62.1%","12.0%","227,881","62.6%","57.2%","7.9%","17,016","73.6%","68.3%","6.0%","965,701","65.7%","60.1%","8.0%","37,827","63.8%","56.7%","5.6%","2,477,966","61.0%","56.6%","6.9%","1,790,568","63.2%","57.9%","7.3%","N","N","N","N","1,132,062","62.2%","55.7%","10.3%","222,169","60.2%","53.9%","7.9%","63,401","65.4%","61.3%","6.2%","1,128,804","61.4%","55.1%","9.8%","62,360","68.8%","61.3%","10.8%","1,077,668","60.9%","56.1%","6.9%","15,419","73.0%","70.3%","2.8%","892,631","64.0%","59.0%","7.4%","2,754,712","66.8%","61.5%","6.9%","26,556","72.7%","67.8%","5.3%","N","N","N","N","1,322,161","66.3%","60.6%","6.3%","237,936","70.5%","62.8%","6.0%","56,015","50.5%","45.0%","10.7%","277,240","58.6%","54.3%","7.3%","N","N","N","N","338,894","44.6%","37.5%","15.9%"
"        American Indian and Alaska Native alone","18,918","59.2%","53.5%","9.7%","81,566","55.3%","46.7%","15.2%","247,479","54.2%","47.9%","11.6%","N","N","N","N","256,984","58.9%","54.1%","7.3%","46,203","56.2%","52.5%","5.7%","N","N","N","N","N","N","N","N","N","N","N","N","48,643","56.7%","52.9%","4.2%","33,847","65.1%","58.7%","7.4%","N","N","N","N","17,477","62.4%","59.5%","4.1%","24,758","65.9%","61.1%","6.9%","15,097","65.5%","60.8%","7.2%","9,393","54.4%","48.8%","9.5%","20,027","64.0%","61.4%","3.0%","N","N","N","N","20,873","56.0%","53.3%","4.6%","7,725","67.7%","64.4%","4.9%","16,190","63.4%","60.9%","1.9%","14,987","47.4%","43.1%","9.0%","46,417","59.2%","55.0%","7.1%","43,080","60.0%","51.9%","13.4%","11,230","39.5%","35.8%","8.4%","N","N","N","N","46,691","56.8%","48.8%","12.9%","12,949","64.2%","56.4%","12.2%","33,028","69.7%","64.9%","6.7%","N","N","N","N","N","N","N","N","151,389","54.7%","49.9%","8.4%","61,146","60.9%","58.2%","3.7%","100,356","55.9%","52.1%","5.4%","28,708","62.4%","54.8%","12.2%","18,573","59.6%","48.2%","18.4%","236,513","59.8%","56.0%","6.3%","39,872","63.2%","58.9%","6.6%","20,555","57.6%","55.3%","3.7%","N","N","N","N","15,680","58.8%","55.5%","5.0%","50,318","51.2%","43.9%","14.2%","N","N","N","N","121,741","67.0%","62.2%","6.4%","27,892","55.7%","53.3%","4.4%","N","N","N","N","18,905","64.8%","58.4%","6.1%","80,205","57.9%","52.4%","8.1%","N","N","N","N","41,929","59.8%","55.0%","8.0%","10,324","59.4%","51.3%","13.6%","N","N","N","N"
"        Asian alone","53,849","65.7%","63.1%","3.0%","36,142","73.5%","70.6%","2.9%","202,438","64.1%","62.5%","1.8%","36,887","67.2%","65.6%","2.0%","4,966,011","64.5%","61.8%","3.9%","158,915","68.6%","65.9%","3.5%","136,635","67.6%","64.5%","4.2%","29,561","70.9%","66.6%","5.9%","26,648","74.1%","70.8%","3.3%","508,677","63.6%","60.3%","4.1%","354,768","66.0%","63.7%","3.3%","480,538","63.7%","61.2%","2.8%","21,320","69.9%","66.1%","3.9%","595,655","66.7%","64.5%","3.1%","134,639","64.2%","62.0%","3.4%","61,066","72.3%","69.5%","3.9%","69,628","73.2%","69.4%","3.0%","56,405","65.3%","62.6%","3.9%","65,011","65.0%","62.9%","2.3%","13,492","65.8%","64.3%","2.4%","319,543","68.8%","66.3%","3.0%","395,248","68.5%","66.0%","3.5%","268,419","65.6%","63.3%","3.5%","218,610","72.2%","69.4%","3.7%","24,369","66.0%","60.4%","6.5%","107,404","66.2%","63.8%","2.8%","N","N","N","N","38,268","76.4%","72.5%","4.4%","223,370","65.7%","63.4%","3.2%","30,438","70.2%","67.7%","3.5%","698,174","68.4%","65.9%","3.6%","30,345","67.0%","62.5%","6.0%","1,406,898","64.2%","61.6%","3.9%","249,739","66.2%","63.4%","2.7%","N","N","N","N","224,703","67.6%","65.2%","3.3%","73,444","65.1%","62.5%","2.1%","164,658","66.6%","63.9%","4.0%","373,218","65.8%","63.5%","3.5%","31,253","67.9%","64.1%","4.5%","68,832","69.3%","64.7%","3.8%","N","N","N","N","103,132","66.9%","65.3%","2.1%","1,162,497","68.4%","65.7%","3.4%","65,589","73.0%","71.4%","2.1%","N","N","N","N","465,784","69.3%","66.5%","2.8%","580,172","69.2%","66.1%","3.5%","N","N","N","N","130,719","70.3%","68.2%","2.9%","N","N","N","N","N","N","N","N"
"        Native Hawaiian and Other Pacific Islander alone","N","N","N","N","N","N","N","N","11,101","67.4%","56.4%","12.9%","N","N","N","N","126,488","69.1%","64.5%","5.4%","N","N","N","N","N","N","N","N","N","N","N","N","N","N","N","N","12,660","64.0%","59.2%","7.1%","N","N","N","N","116,696","60.4%","55.8%","7.0%","N","N","N","N","N","N","N","N","N","N","N","N","N","N","N","N","N","N","N","N","N","N","N","N","N","N","N","N","N","N","N","N","N","N","N","N","N","N","N","N","N","N","N","N","N","N","N","N","N","N","N","N","N","N","N","N","N","N","N","N","N","N","N","N","18,343","64.5%","59.1%","5.9%","N","N","N","N","N","N","N","N","N","N","N","N","N","N","N","N","N","N","N","N","N","N","N","N","N","N","N","N","N","N","N","N","N","N","N","N","N","N","N","N","N","N","N","N","N","N","N","N","N","N","N","N","N","N","N","N","20,681","69.7%","66.1%","1.6%","23,141","76.3%","68.7%","9.8%","N","N","N","N","N","N","N","N","39,436","70.9%","65.7%","4.2%","N","N","N","N","N","N","N","N","N","N","N","N","N","N","N","N"
"        Some other race alone","48,721","63.1%","60.1%","3.6%","N","N","N","N","285,765","66.4%","62.7%","4.7%","52,575","74.1%","69.2%","6.2%","4,108,764","68.8%","64.8%","5.5%","160,122","74.0%","69.2%","5.7%","150,376","71.8%","66.0%","7.9%","N","N","N","N","N","N","N","N","554,311","66.0%","63.3%","3.6%","221,921","71.5%","67.9%","3.3%","19,965","81.0%","57.7%","5.1%","50,891","69.5%","67.7%","2.6%","538,872","72.6%","69.3%","4.5%","108,972","70.7%","68.3%","3.3%","23,069","76.6%","72.4%","5.4%","59,038","75.6%","71.8%","3.3%","28,715","76.4%","69.0%","9.0%","49,608","64.6%","59.5%","6.9%","N","N","N","N","210,017","77.2%","73.8%","4.2%","227,367","72.7%","67.7%","6.8%","83,648","67.6%","63.8%","5.2%","77,858","78.5%","74.0%","5.7%","N","N","N","N","53,934","72.5%","67.9%","6.2%","N","N","N","N","37,111","72.3%","68.2%","4.6%","237,789","75.3%","72.1%","4.2%","N","N","N","N","419,891","70.6%","66.2%","6.1%","152,086","60.3%","56.9%","5.6%","1,279,004","66.4%","62.2%","6.3%","241,860","73.7%","70.2%","3.5%","N","N","N","N","89,655","70.1%","65.7%","5.5%","65,150","70.9%","68.3%","3.3%","109,788","75.3%","70.9%","5.8%","243,452","64.6%","60.5%","6.3%","44,629","67.1%","62.3%","6.9%","75,500","68.1%","66.0%","2.5%","N","N","N","N","71,353","71.7%","68.2%","4.1%","1,278,790","67.9%","64.7%","4.5%","91,653","78.0%","73.7%","5.6%","N","N","N","N","178,962","77.0%","70.4%","5.8%","257,628","76.2%","71.4%","5.7%","N","N","N","N","85,508","71.2%","67.9%","4.5%","N","N","N","N","416,411","48.9%","39.5%","19.2%"
"        Two or more races","53,828","61.3%","54.5%","10.3%","32,645","71.6%","64.2%","9.1%","171,392","66.4%","60.0%","8.0%","46,643","58.2%","50.7%","12.0%","1,230,400","68.1%","62.9%","7.0%","141,910","71.9%","65.4%","6.4%","78,052","68.7%","62.8%","8.1%","16,268","70.9%","61.6%","12.2%","N","N","N","N","376,321","65.6%","60.9%","6.0%","153,133","65.4%","59.5%","7.3%","209,793","67.5%","63.3%","4.5%","35,348","65.2%","62.3%","4.3%","200,293","72.0%","66.6%","7.0%","96,555","66.1%","61.5%","7.0%","38,731","72.0%","66.9%","7.0%","62,126","70.6%","64.4%","7.5%","53,580","63.9%","55.0%","12.8%","55,316","59.8%","53.3%","9.8%","19,642","61.6%","57.3%","6.9%","122,256","73.5%","67.8%","6.0%","152,526","71.3%","67.2%","5.5%","172,446","66.7%","60.6%","9.1%","99,572","73.7%","67.3%","8.4%","23,583","58.2%","52.9%","6.7%","95,372","70.2%","62.8%","9.0%","23,629","72.5%","64.7%","10.4%","27,714","71.1%","63.8%","7.9%","87,212","67.3%","61.4%","8.1%","N","N","N","N","150,319","70.5%","64.2%","8.1%","46,133","60.5%","53.7%","9.1%","425,378","68.2%","63.1%","7.0%","167,402","69.3%","62.6%","6.5%","N","N","N","N","186,479","68.0%","61.7%","9.0%","188,473","64.0%","59.4%","6.3%","136,818","66.9%","61.5%","7.7%","188,167","65.5%","59.8%","8.2%","26,898","72.4%","65.4%","8.7%","64,586","67.2%","59.9%","6.6%","N","N","N","N","83,816","63.7%","60.1%","4.3%","489,039","67.6%","62.9%","5.3%","56,445","76.0%","71.9%","5.1%","10,676","61.2%","57.0%","5.8%","186,823","74.0%","66.1%","6.2%","278,880","69.9%","64.7%","6.2%","18,160","54.5%","51.5%","4.6%","70,300","71.5%","66.4%","7.0%","8,555","62.4%","55.9%","9.4%","186,268","47.6%","42.0%","11.6%"
"        Hispanic or Latino origin (of any race)","139,882","66.3%","61.8%","5.1%","36,769","76.3%","66.5%","5.9%","1,659,743","67.0%","62.7%","5.8%","155,010","70.8%","67.4%","4.6%","11,459,900","67.4%","63.3%","5.7%","907,103","70.7%","66.4%","4.9%","436,612","71.4%","65.4%","7.7%","63,182","66.8%","62.5%","4.2%","59,258","78.6%","75.9%","3.1%","4,455,433","66.5%","63.8%","3.8%","709,693","70.1%","66.8%","3.2%","100,291","70.7%","58.9%","4.5%","156,555","70.9%","68.3%","3.5%","1,599,550","70.8%","67.0%","5.1%","327,069","70.4%","67.0%","4.7%","131,209","76.9%","71.9%","6.2%","238,935","73.1%","67.6%","5.3%","111,768","73.9%","67.6%","5.6%","176,124","67.3%","62.4%","5.2%","17,471","67.7%","65.8%","1.4%","444,075","76.6%","72.3%","4.6%","622,872","69.8%","65.3%","6.3%","364,227","69.6%","65.6%","5.7%","208,825","77.4%","72.9%","5.8%","62,422","60.9%","55.9%","5.3%","180,992","70.6%","66.4%","4.3%","29,843","72.8%","63.1%","9.4%","143,844","72.9%","68.4%","5.2%","646,203","71.2%","67.4%","5.1%","38,272","70.2%","63.9%","8.1%","1,374,981","70.4%","66.7%","5.0%","779,042","60.9%","57.3%","5.5%","2,852,370","65.7%","61.5%","6.0%","678,269","71.5%","65.8%","4.7%","21,709","80.3%","71.7%","6.0%","319,174","69.2%","64.9%","5.7%","286,260","70.1%","66.0%","4.5%","394,692","73.4%","69.3%","5.5%","693,562","66.4%","61.9%","6.5%","123,782","71.1%","66.3%","6.2%","202,685","69.2%","64.0%","4.1%","21,861","68.4%","62.5%","7.6%","252,531","72.2%","67.9%","4.5%","8,266,510","66.6%","63.3%","4.5%","311,802","75.7%","71.7%","4.9%","N","N","N","N","590,309","76.7%","70.2%","4.0%","669,051","73.3%","68.2%","5.2%","N","N","N","N","276,722","74.0%","70.4%","4.6%","40,266","72.2%","67.5%","5.6%","2,652,114","45.0%","38.6%","14.1%"
"        White alone, not Hispanic or Latino","2,641,813","56.8%","54.2%","3.8%","361,061","66.1%","59.9%","3.8%","3,371,438","56.5%","53.7%","4.2%","1,784,573","57.0%","54.4%","4.2%","12,357,601","61.2%","57.9%","4.3%","3,267,168","67.9%","65.2%","3.1%","2,003,448","64.7%","61.5%","4.4%","511,627","59.8%","56.9%","3.8%","234,893","81.1%","78.5%","2.3%","9,845,665","54.2%","51.6%","4.1%","4,551,652","61.1%","58.2%","3.8%","265,109","64.2%","53.2%","3.7%","1,158,996","62.5%","60.2%","3.2%","6,427,435","64.4%","61.8%","3.7%","4,300,906","63.7%","61.3%","3.6%","2,191,478","65.9%","63.7%","3.2%","1,786,271","65.9%","63.2%","3.2%","3,071,229","57.9%","55.0%","4.5%","2,222,058","58.9%","55.9%","4.2%","1,056,646","62.9%","60.5%","3.4%","2,530,764","65.6%","62.6%","3.3%","4,148,620","66.8%","64.5%","3.3%","6,205,226","61.5%","59.0%","4.0%","3,666,093","68.7%","66.9%","2.5%","1,375,591","56.7%","53.7%","4.4%","3,976,518","61.9%","59.6%","3.3%","760,984","62.3%","60.0%","3.2%","1,226,057","68.9%","67.0%","2.3%","1,264,225","59.4%","56.2%","4.7%","1,033,838","66.4%","64.5%","2.7%","4,057,641","64.2%","61.5%","3.9%","671,331","54.5%","50.7%","4.7%","9,021,901","63.2%","60.9%","3.3%","5,511,395","60.7%","57.4%","3.7%","515,754","69.6%","67.3%","1.7%","7,551,221","63.3%","60.9%","3.6%","2,123,693","59.6%","56.7%","3.7%","2,673,168","60.4%","57.4%","4.8%","8,152,876","62.7%","60.4%","3.6%","651,573","64.2%","61.8%","3.3%","2,737,114","59.3%","56.2%","3.9%","583,127","68.7%","67.1%","1.9%","4,143,414","60.4%","57.8%","3.9%","9,890,222","62.7%","59.9%","3.7%","1,883,517","68.5%","66.3%","2.8%","488,355","65.1%","62.8%","3.2%","4,344,240","63.8%","59.9%","3.2%","4,303,390","62.8%","59.3%","4.4%","1,368,288","53.9%","50.6%","5.9%","3,924,051","65.7%","63.9%","2.7%","392,773","64.4%","61.9%","2.9%","34,302","50.6%","44.5%","10.0%"
"Population 20 to 64 years","2,823,485","72.6%","68.7%","4.7%","441,106","77.1%","69.2%","5.3%","4,128,298","76.1%","72.2%","4.5%","1,710,129","73.4%","70.0%","4.2%","23,741,665","78.0%","73.8%","4.7%","3,509,903","81.7%","78.1%","3.3%","2,107,327","81.4%","76.9%","5.0%","555,038","79.4%","75.2%","4.2%","467,819","82.4%","77.0%","6.0%","12,252,687","77.1%","73.4%","4.2%","6,271,430","76.8%","72.7%","4.4%","816,298","80.7%","72.9%","3.1%","1,002,442","78.1%","75.4%","2.8%","7,478,426","79.9%","76.0%","4.6%","3,885,382","78.4%","75.2%","3.8%","1,786,635","83.1%","80.3%","3.2%","1,652,952","81.6%","77.8%","3.3%","2,587,967","72.8%","69.1%","4.4%","2,696,667","72.4%","67.9%","5.2%","779,468","79.4%","76.7%","3.0%","3,595,987","81.9%","77.6%","4.2%","4,162,623","82.4%","79.2%","3.7%","5,802,992","77.3%","73.6%","4.7%","3,271,095","85.0%","82.4%","2.8%","1,693,649","71.1%","66.1%","6.1%","3,543,211","77.7%","74.6%","3.4%","602,400","79.0%","75.7%","3.5%","1,092,193","84.9%","82.0%","2.8%","1,821,098","78.1%","74.2%","4.5%","811,267","82.5%","80.1%","2.7%","5,252,188","81.0%","77.2%","4.4%","1,185,977","72.8%","68.1%","5.1%","11,634,114","78.6%","75.1%","4.2%","6,125,270","77.2%","72.6%","4.2%","445,017","85.1%","81.4%","2.4%","6,750,033","78.6%","75.2%","4.1%","2,254,095","74.9%","71.0%","4.0%","2,486,768","78.3%","74.6%","4.5%","7,436,372","78.7%","75.2%","4.2%","633,964","80.4%","76.9%","3.7%","2,949,084","76.1%","71.9%","4.3%","491,918","83.0%","80.2%","2.8%","3,998,664","76.0%","72.3%","4.2%","17,017,871","77.6%","74.0%","4.0%","1,813,773","81.2%","78.8%","2.6%","363,480","81.4%","78.6%","3.2%","5,073,722","80.1%","74.8%","3.6%","4,558,461","79.5%","75.0%","4.1%","1,020,022","69.6%","65.3%","5.7%","3,381,964","81.9%","79.5%","2.9%","328,824","80.1%","76.7%","3.1%","1,846,604","61.7%","53.1%","13.8%"
"    SEX","","","","","","","","","","","","","","","","","","","","","","","","","","","","","","","","","","","","","","","","","","","","","","","","","","","","","","","","","","","","","","","","","","","","","","","","","","","","","","","","","","","","","","","","","","","","","","","","","","","","","","","","","","","","","","","","","","","","","","","","","","","","","","","","","","","","","","","","","","","","","","","","","","","","","","","","","","","","","","","","","","","","","","","","","","","","","","","","","","","","","","","","","","","","","","","","","","","","","","","","","","","","","","","",""
"        Male","1,371,418","78.1%","73.7%","4.5%","231,316","81.4%","71.0%","5.3%","2,076,381","80.8%","76.3%","4.4%","844,263","77.3%","73.4%","4.4%","11,969,753","83.6%","78.8%","4.7%","1,795,654","86.3%","82.0%","3.3%","1,043,312","84.7%","79.3%","5.4%","269,182","82.6%","78.0%","3.8%","224,085","82.2%","75.9%","6.7%","6,055,427","81.0%","76.8%","4.1%","3,056,929","81.2%","76.3%","4.3%","415,459","84.2%","72.4%","3.5%","506,330","83.6%","80.3%","3.0%","3,719,781","83.7%","79.2%","4.9%","1,935,845","82.6%","79.2%","3.8%","906,178","86.0%","82.8%","3.5%","834,291","86.2%","80.8%","3.7%","1,287,818","76.5%","72.1%","4.7%","1,315,999","76.2%","70.6%","5.8%","383,727","82.5%","79.6%","2.9%","1,754,667","85.0%","80.3%","3.9%","2,042,754","85.6%","82.0%","4.0%","2,891,689","81.4%","77.2%","5.0%","1,647,092","87.7%","84.7%","3.2%","820,543","74.4%","68.7%","6.1%","1,754,488","80.9%","77.4%","3.4%","303,950","82.3%","78.5%","3.8%","552,319","88.6%","85.0%","3.0%","921,085","83.6%","79.0%","4.7%","408,447","86.3%","83.3%","3.0%","2,600,974","85.6%","81.3%","4.5%","588,161","77.2%","71.5%","5.5%","5,711,812","82.2%","78.3%","4.3%","2,998,009","81.7%","75.7%","4.2%","231,694","89.0%","84.3%","2.4%","3,349,336","82.3%","78.6%","4.3%","1,126,702","79.9%","75.2%","4.1%","1,246,046","81.9%","77.7%","4.7%","3,705,978","82.2%","78.3%","4.4%","314,225","83.2%","78.3%","4.9%","1,428,270","80.7%","75.4%","4.4%","253,165","86.0%","81.9%","3.8%","1,959,353","80.4%","76.5%","3.9%","8,513,876","84.4%","80.2%","3.9%","915,521","88.7%","86.0%","2.5%","181,961","83.8%","80.7%","3.5%","2,517,687","83.9%","77.1%","3.4%","2,312,780","85.2%","79.7%","4.0%","513,028","73.9%","68.7%","6.4%","1,702,283","84.4%","81.5%","3.3%","170,228","84.6%","80.5%","3.1%","882,491","68.1%","58.8%","13.4%"
"        Female","1,452,067","67.4%","63.9%","4.8%","209,790","72.3%","67.2%","5.3%","2,051,917","71.4%","68.0%","4.7%","865,866","69.6%","66.7%","4.1%","11,771,912","72.3%","68.7%","4.8%","1,714,249","76.8%","74.0%","3.4%","1,064,015","78.2%","74.6%","4.6%","285,856","76.4%","72.4%","4.6%","243,734","82.5%","77.9%","5.3%","6,197,260","73.3%","70.1%","4.2%","3,214,501","72.7%","69.3%","4.5%","400,839","77.1%","73.4%","2.6%","496,112","72.5%","70.5%","2.7%","3,758,645","76.1%","72.8%","4.2%","1,949,537","74.2%","71.3%","3.9%","880,457","80.2%","77.8%","2.9%","818,661","77.0%","74.6%","2.9%","1,300,149","69.1%","66.1%","4.1%","1,380,668","68.8%","65.4%","4.6%","395,741","76.3%","73.8%","3.2%","1,841,320","78.9%","75.0%","4.5%","2,119,869","79.3%","76.6%","3.3%","2,911,303","73.2%","70.1%","4.3%","1,624,003","82.2%","80.2%","2.4%","873,106","68.1%","63.7%","6.0%","1,788,723","74.6%","71.9%","3.4%","298,450","75.7%","73.0%","3.3%","539,874","81.1%","78.9%","2.5%","900,013","72.6%","69.3%","4.3%","402,820","78.7%","76.8%","2.4%","2,651,214","76.5%","73.2%","4.2%","597,816","68.4%","64.8%","4.7%","5,922,302","75.1%","72.1%","4.0%","3,127,261","72.9%","69.7%","4.1%","213,323","80.9%","78.2%","2.3%","3,400,697","75.1%","72.0%","4.0%","1,127,393","69.9%","66.8%","4.0%","1,240,722","74.6%","71.4%","4.2%","3,730,394","75.2%","72.2%","4.0%","319,739","77.7%","75.6%","2.4%","1,520,814","71.8%","68.5%","4.2%","238,753","79.8%","78.4%","1.7%","2,039,311","71.7%","68.4%","4.5%","8,503,995","70.8%","67.7%","4.2%","898,252","73.5%","71.5%","2.6%","181,519","79.0%","76.6%","2.9%","2,556,035","76.3%","72.7%","3.7%","2,245,681","73.7%","70.2%","4.2%","506,994","65.1%","61.8%","5.0%","1,679,681","79.4%","77.4%","2.5%","158,596","75.3%","72.7%","3.2%","964,113","55.9%","47.9%","14.3%"
"            With own children under 18 years","479,202","73.2%","69.4%","4.8%","74,057","68.2%","63.2%","5.2%","694,719","70.6%","67.0%","5.0%","305,773","73.1%","69.8%","4.3%","3,952,429","70.2%","66.7%","4.8%","587,910","74.3%","71.8%","3.0%","346,996","79.9%","76.1%","4.7%","85,226","79.1%","75.0%","4.3%","52,058","84.4%","76.0%","9.6%","1,855,950","76.3%","72.8%","4.4%","1,128,091","75.3%","71.7%","4.5%","121,856","75.1%","70.8%","3.2%","193,775","71.2%","69.5%","2.2%","1,271,560","76.7%","73.5%","4.1%","674,685","76.3%","73.2%","4.0%","326,436","83.2%","80.9%","2.8%","305,812","78.0%","76.1%","2.2%","446,195","74.0%","70.7%","4.3%","477,446","74.5%","70.9%","4.6%","120,638","78.5%","75.6%","3.5%","623,895","80.6%","76.8%","4.2%","663,910","80.2%","77.5%","3.4%","964,274","75.9%","72.6%","4.4%","573,034","83.2%","81.3%","2.2%","311,168","73.7%","68.8%","6.1%","616,509","78.4%","75.6%","3.4%","96,889","76.1%","72.9%","3.1%","209,328","83.5%","81.7%","1.9%","297,907","72.6%","69.8%","3.6%","125,809","81.1%","79.9%","1.6%","918,825","76.8%","73.4%","4.3%","200,128","72.8%","68.7%","5.3%","1,854,176","75.8%","72.8%","3.9%","1,080,989","75.0%","71.8%","4.1%","79,915","81.9%","79.9%","2.1%","1,161,207","77.4%","74.3%","4.0%","408,362","72.2%","69.3%","3.8%","391,485","75.4%","72.3%","4.1%","1,221,277","77.3%","74.1%","3.9%","96,903","79.7%","77.7%","2.5%","503,444","76.0%","72.5%","4.3%","89,752","81.4%","80.2%","1.4%","689,372","74.6%","70.9%","4.8%","3,229,310","69.8%","66.7%","4.2%","368,941","67.2%","65.6%","2.4%","55,131","85.0%","82.3%","3.2%","878,710","77.3%","73.6%","3.7%","768,389","72.5%","69.3%","3.9%","164,415","69.5%","66.2%","4.6%","566,028","82.2%","80.4%","2.2%","57,184","75.9%","73.4%","2.9%","289,579","67.8%","57.4%","15.2%"
"                With own children under 6 years only","106,567","70.9%","66.2%","6.2%","17,863","62.8%","58.1%","3.6%","142,152","70.0%","66.1%","5.3%","65,805","72.5%","68.6%","4.8%","871,480","69.0%","65.1%","5.0%","131,371","70.4%","68.0%","2.7%","72,675","78.8%","74.1%","5.8%","16,698","75.2%","71.8%","0.7%","17,440","85.4%","79.3%","6.8%","394,624","74.0%","70.1%","4.9%","243,238","73.7%","69.0%","5.8%","29,784","64.2%","55.7%","7.6%","47,941","66.7%","65.2%","2.3%","275,832","74.0%","70.4%","4.6%","151,483","77.0%","73.3%","4.7%","74,200","80.9%","78.4%","3.0%","69,866","75.2%","72.5%","3.4%","101,570","72.3%","67.4%","6.6%","101,192","72.1%","68.1%","4.8%","29,196","73.1%","69.7%","4.6%","140,455","78.2%","73.1%","5.7%","154,486","79.6%","76.4%","4.1%","216,559","74.7%","70.6%","5.5%","137,039","82.4%","80.6%","2.3%","63,923","72.5%","65.6%","8.5%","141,255","76.5%","74.1%","3.0%","21,645","73.3%","68.2%","4.4%","49,263","81.8%","79.0%","2.8%","64,867","69.3%","66.6%","3.8%","30,004","79.8%","79.0%","1.0%","202,696","76.5%","73.0%","4.4%","39,417","69.3%","62.0%","9.1%","448,673","75.5%","72.2%","4.2%","239,867","70.4%","66.7%","4.6%","21,535","73.6%","71.9%","1.6%","261,891","75.0%","71.6%","4.2%","86,467","66.9%","63.9%","4.4%","88,747","73.3%","70.6%","3.6%","271,546","75.5%","72.5%","4.0%","22,561","83.7%","80.9%","3.2%","114,897","75.1%","71.3%","4.7%","21,300","80.2%","78.8%","1.8%","159,300","71.0%","66.7%","5.7%","694,723","66.9%","62.9%","5.6%","79,779","63.6%","61.9%","2.6%","13,486","85.0%","83.6%","1.7%","198,352","75.7%","71.4%","3.8%","185,818","67.7%","63.9%","4.6%","33,363","66.1%","63.1%","4.1%","130,033","81.3%","79.4%","2.4%","13,009","62.8%","61.2%","0.9%","56,415","66.7%","53.4%","19.8%"
"                With own children under 6 years and 6 to 17  years","97,863","66.2%","62.4%","5.7%","19,296","57.9%","50.5%","9.0%","164,178","62.0%","57.9%","6.5%","68,358","66.3%","62.5%","5.6%","786,201","61.9%","57.8%","6.4%","117,410","62.1%","60.0%","2.8%","58,986","74.9%","69.7%","7.0%","17,428","69.8%","66.6%","3.6%","10,113","81.8%","70.0%","14.4%","349,608","69.1%","64.9%","5.9%","233,287","68.6%","63.5%","7.2%","22,746","66.9%","62.9%","3.5%","45,920","62.4%","59.9%","3.2%","256,868","70.1%","66.3%","5.1%","134,914","66.6%","63.0%","5.1%","73,929","75.3%","72.7%","3.5%","71,851","71.1%","70.0%","0.9%","92,936","70.6%","67.4%","4.5%","104,989","67.4%","63.5%","5.8%","20,661","67.8%","66.0%","2.7%","120,208","72.5%","67.1%","6.6%","111,356","73.1%","69.6%","4.8%","192,088","68.5%","64.3%","6.2%","121,747","75.7%","74.1%","2.0%","65,918","68.7%","60.2%","11.9%","133,254","71.0%","68.3%","3.5%","19,803","68.8%","63.7%","5.1%","49,260","78.4%","76.7%","2.0%","63,099","62.3%","59.3%","4.6%","19,290","70.9%","68.4%","3.5%","172,008","69.5%","65.4%","5.7%","41,478","62.8%","55.9%","10.7%","347,719","68.8%","65.2%","5.2%","208,921","68.5%","64.6%","5.5%","20,069","86.8%","82.6%","4.8%","246,410","68.8%","65.5%","4.8%","96,760","64.3%","61.8%","3.9%","76,714","66.4%","62.8%","5.4%","242,613","70.6%","66.7%","5.3%","16,149","67.1%","66.0%","1.7%","105,003","67.5%","63.6%","5.5%","20,095","73.4%","71.8%","1.8%","135,212","63.2%","59.3%","6.2%","732,968","61.7%","58.5%","4.9%","99,488","51.8%","49.8%","3.8%","9,404","74.0%","70.0%","5.4%","169,342","69.6%","64.6%","5.3%","167,258","63.3%","59.3%","5.7%","28,222","64.3%","59.2%","8.0%","116,018","74.6%","72.4%","3.0%","11,767","69.0%","68.0%","1.4%","36,274","62.8%","52.5%","16.4%"
"                With own children 6 to 17 years only","274,772","76.6%","73.2%","4.1%","36,898","76.2%","72.3%","4.4%","388,389","74.5%","71.1%","4.4%","171,610","76.0%","73.2%","3.7%","2,294,748","73.4%","70.3%","4.3%","339,129","80.0%","77.3%","3.1%","215,335","81.6%","78.5%","3.8%","51,100","83.6%","79.0%","5.5%","24,505","84.7%","76.2%","9.6%","1,111,718","79.3%","76.2%","3.9%","651,566","78.2%","75.6%","3.2%","69,326","82.4%","79.9%","1.7%","99,914","77.4%","76.0%","1.7%","738,860","80.0%","77.1%","3.6%","388,288","79.5%","76.8%","3.4%","178,307","87.5%","85.4%","2.4%","164,095","82.2%","80.3%","2.3%","251,689","75.9%","73.2%","3.4%","271,265","78.2%","74.9%","4.0%","70,781","83.8%","80.9%","3.3%","363,232","84.3%","81.5%","3.0%","398,068","82.5%","80.1%","2.8%","555,627","79.0%","76.3%","3.4%","314,248","86.4%","84.4%","2.3%","181,327","75.9%","73.1%","3.4%","342,000","82.2%","79.1%","3.5%","55,441","79.8%","78.1%","2.1%","110,805","86.6%","85.1%","1.5%","169,941","77.7%","74.8%","3.3%","76,515","84.3%","83.1%","1.4%","544,121","79.2%","76.0%","4.0%","119,233","77.5%","75.3%","2.8%","1,057,784","78.2%","75.5%","3.5%","632,201","79.0%","76.1%","3.6%","38,311","84.1%","82.9%","0.8%","652,906","81.7%","78.7%","3.6%","225,135","77.5%","74.7%","3.5%","226,024","79.3%","76.2%","3.9%","707,118","80.3%","77.3%","3.5%","58,193","81.7%","79.7%","2.4%","283,544","79.4%","76.3%","3.9%","48,357","85.2%","84.4%","1.0%","394,860","79.9%","76.6%","4.1%","1,801,619","74.2%","71.6%","3.5%","189,674","76.8%","75.3%","1.9%","32,241","88.2%","85.3%","3.3%","511,016","80.5%","77.5%","3.3%","415,313","78.4%","75.9%","3.1%","102,830","72.0%","69.1%","4.0%","319,977","85.3%","83.7%","1.8%","32,408","83.7%","80.2%","3.9%","196,890","69.0%","59.5%","13.7%"
"    POVERTY STATUS IN THE PAST 12 MONTHS","","","","","","","","","","","","","","","","","","","","","","","","","","","","","","","","","","","","","","","","","","","","","","","","","","","","","","","","","","","","","","","","","","","","","","","","","","","","","","","","","","","","","","","","","","","","","","","","","","","","","","","","","","","","","","","","","","","","","","","","","","","","","","","","","","","","","","","","","","","","","","","","","","","","","","","","","","","","","","","","","","","","","","","","","","","","","","","","","","","","","","","","","","","","","","","","","","","","","","","","","","","","","","","",""
"        Below poverty level","397,917","42.8%","35.0%","17.9%","39,760","43.7%","32.6%","23.6%","500,660","47.3%","38.8%","17.9%","256,664","42.7%","35.4%","16.9%","2,430,770","46.9%","37.8%","19.4%","315,700","52.0%","43.8%","15.4%","191,126","47.9%","35.7%","25.4%","57,807","53.0%","41.6%","20.8%","53,334","38.2%","26.9%","29.6%","1,379,693","47.0%","37.9%","19.2%","708,936","48.3%","38.7%","19.5%","66,214","45.4%","37.0%","16.7%","107,413","51.9%","46.2%","10.8%","774,242","48.7%","37.8%","22.3%","438,305","46.8%","38.0%","18.9%","198,252","54.6%","45.2%","17.3%","174,305","54.8%","46.0%","15.6%","384,676","40.9%","33.1%","18.9%","446,377","46.2%","37.5%","18.6%","82,510","40.9%","34.3%","16.0%","288,494","47.8%","37.4%","21.5%","352,790","43.8%","35.6%","18.5%","713,084","48.9%","39.0%","20.2%","267,736","52.2%","43.9%","16.0%","289,170","45.0%","34.7%","22.7%","428,153","46.3%","39.1%","15.4%","75,611","55.1%","47.9%","12.4%","103,001","55.9%","47.7%","14.7%","205,477","46.8%","38.8%","16.9%","59,852","40.8%","33.9%","16.9%","412,274","47.7%","37.7%","21.0%","195,031","45.0%","37.0%","17.5%","1,304,668","42.6%","34.2%","19.7%","744,561","48.1%","39.0%","18.7%","48,241","60.5%","54.9%","9.1%","811,226","47.8%","38.0%","20.3%","315,342","45.7%","38.2%","16.0%","282,456","47.3%","37.7%","19.9%","818,710","45.9%","36.7%","20.0%","63,116","42.6%","34.0%","20.0%","361,054","45.5%","37.4%","17.6%","54,261","53.1%","45.4%","14.1%","498,061","44.9%","36.2%","19.3%","1,937,118","49.8%","41.8%","15.8%","152,443","56.9%","50.8%","10.5%","40,418","46.3%","38.9%","15.9%","455,154","47.3%","39.3%","16.2%","420,531","45.9%","35.9%","21.2%","166,644","39.3%","30.1%","23.6%","331,649","50.4%","43.6%","13.6%","31,832","53.1%","46.7%","11.8%","733,758","45.1%","30.3%","32.7%"
"        At or above the poverty level","2,366,238","79.1%","75.9%","3.4%","391,476","81.1%","74.5%","4.3%","3,538,120","81.8%","78.5%","3.4%","1,413,948","80.8%","78.0%","3.0%","20,939,952","82.6%","79.1%","3.7%","3,135,831","85.8%","82.8%","2.6%","1,872,289","85.9%","82.3%","3.8%","485,715","84.0%","80.5%","3.0%","400,367","89.7%","85.2%","4.5%","10,666,657","82.3%","79.2%","3.1%","5,410,956","82.3%","79.0%","3.2%","727,359","84.6%","78.2%","2.4%","879,566","82.4%","80.2%","2.2%","6,571,776","84.8%","81.7%","3.4%","3,361,647","84.0%","81.5%","2.7%","1,555,322","87.8%","85.9%","2.1%","1,441,395","86.2%","83.2%","2.4%","2,140,784","79.9%","77.1%","3.1%","2,169,287","80.1%","76.4%","3.6%","683,956","84.6%","82.4%","2.3%","3,239,740","86.2%","82.6%","3.3%","3,710,501","87.2%","84.5%","2.9%","4,999,665","82.4%","79.6%","3.3%","2,965,292","88.6%","86.6%","2.1%","1,351,172","79.2%","75.3%","4.0%","3,035,734","83.8%","81.3%","2.5%","517,833","83.6%","81.0%","2.6%","971,593","89.1%","86.7%","1.9%","1,592,125","83.2%","79.8%","3.6%","736,778","87.0%","84.9%","2.2%","4,765,605","84.8%","81.5%","3.6%","966,976","79.8%","75.9%","3.7%","10,131,194","84.3%","81.5%","3.1%","5,249,369","82.5%","79.0%","2.9%","389,376","88.9%","85.8%","1.8%","5,806,163","84.3%","81.8%","2.8%","1,880,352","81.6%","78.5%","2.9%","2,171,745","83.3%","80.3%","3.3%","6,442,947","84.5%","81.7%","3.1%","554,869","86.0%","83.2%","2.8%","2,522,115","81.7%","78.3%","3.2%","427,360","88.3%","86.2%","1.9%","3,419,583","81.9%","79.0%","2.9%","14,734,185","82.8%","79.8%","3.0%","1,633,083","84.3%","82.2%","2.0%","314,612","86.8%","84.7%","2.3%","4,486,921","84.7%","80.3%","2.8%","4,075,936","83.7%","80.1%","3.1%","830,699","77.2%","73.8%","3.9%","2,992,223","86.6%","84.7%","2.2%","291,085","84.2%","81.4%","2.5%","1,095,553","73.7%","69.1%","6.0%"
"    DISABILITY STATUS","","","","","","","","","","","","","","","","","","","","","","","","","","","","","","","","","","","","","","","","","","","","","","","","","","","","","","","","","","","","","","","","","","","","","","","","","","","","","","","","","","","","","","","","","","","","","","","","","","","","","","","","","","","","","","","","","","","","","","","","","","","","","","","","","","","","","","","","","","","","","","","","","","","","","","","","","","","","","","","","","","","","","","","","","","","","","","","","","","","","","","","","","","","","","","","","","","","","","","","","","","","","","","","",""
"        With any disability","391,334","37.2%","32.9%","10.5%","44,883","49.0%","43.1%","9.6%","433,511","44.3%","39.5%","10.2%","264,155","37.0%","33.6%","8.8%","1,852,961","43.5%","38.4%","11.1%","292,550","53.8%","47.9%","10.6%","196,426","48.6%","41.9%","13.7%","63,431","46.2%","40.3%","12.8%","41,606","38.6%","33.5%","12.7%","1,234,638","40.2%","36.3%","9.4%","660,305","40.9%","36.2%","10.7%","62,862","43.7%","37.8%","8.6%","117,019","47.7%","44.4%","6.8%","682,328","44.6%","39.1%","12.2%","450,336","42.9%","39.5%","7.9%","169,301","50.2%","45.6%","9.1%","187,110","51.9%","46.6%","9.2%","423,764","36.1%","32.7%","9.1%","367,380","40.3%","35.1%","11.8%","104,568","42.3%","38.9%","7.8%","314,031","48.1%","42.7%","10.8%","353,738","46.0%","41.4%","9.9%","713,389","41.4%","36.4%","12.2%","281,191","53.6%","49.1%","8.4%","249,540","35.4%","31.2%","11.4%","447,944","41.5%","37.6%","9.3%","62,490","49.5%","46.2%","6.6%","107,986","56.0%","51.8%","7.5%","174,226","44.7%","40.3%","9.5%","85,045","49.1%","45.3%","7.8%","397,105","45.0%","40.5%","9.8%","161,692","39.4%","34.9%","10.7%","1,037,165","40.0%","35.5%","11.0%","663,225","39.9%","35.6%","9.6%","41,093","61.6%","55.7%","7.4%","791,741","43.9%","39.4%","10.0%","316,850","43.6%","39.5%","8.4%","297,121","48.6%","44.1%","9.0%","846,544","43.4%","38.3%","11.4%","69,855","41.0%","36.5%","11.1%","348,360","38.8%","34.5%","10.2%","53,159","55.8%","52.1%","6.4%","530,044","40.0%","35.9%","9.7%","1,595,870","46.6%","42.2%","8.9%","146,155","56.4%","52.3%","6.9%","43,437","44.3%","39.7%","10.4%","484,502","47.3%","42.9%","8.0%","462,933","46.8%","42.0%","9.7%","174,920","36.8%","32.5%","11.3%","315,617","47.7%","43.9%","8.0%","37,950","55.2%","51.9%","4.8%","299,334","29.0%","23.7%","18.2%"
"EDUCATIONAL ATTAINMENT","","","","","","","","","","","","","","","","","","","","","","","","","","","","","","","","","","","","","","","","","","","","","","","","","","","","","","","","","","","","","","","","","","","","","","","","","","","","","","","","","","","","","","","","","","","","","","","","","","","","","","","","","","","","","","","","","","","","","","","","","","","","","","","","","","","","","","","","","","","","","","","","","","","","","","","","","","","","","","","","","","","","","","","","","","","","","","","","","","","","","","","","","","","","","","","","","","","","","","","","","","","","","","","",""
"    Population 25 to 64 years","2,505,746","72.7%","69.2%","4.1%","393,470","76.9%","70.3%","4.7%","3,637,299","75.9%","72.5%","4.0%","1,512,219","73.5%","70.6%","3.5%","21,102,874","78.7%","74.9%","4.2%","3,129,565","81.7%","78.6%","3.1%","1,867,388","81.9%","78.0%","4.4%","497,673","79.6%","75.8%","3.7%","417,608","83.9%","79.4%","4.9%","10,986,304","77.3%","74.0%","3.7%","5,557,030","77.3%","73.7%","3.8%","727,198","80.7%","74.6%","2.8%","882,380","77.6%","75.2%","2.7%","6,649,333","80.4%","76.9%","4.1%","3,417,543","78.5%","75.9%","3.3%","1,569,429","83.4%","80.9%","2.8%","1,440,085","81.8%","78.6%","2.8%","2,293,883","72.1%","69.0%","3.7%","2,398,007","72.3%","68.3%","4.8%","705,174","79.1%","76.7%","2.7%","3,223,971","82.4%","78.6%","3.6%","3,678,283","83.3%","80.4%","3.3%","5,128,218","77.1%","73.8%","4.2%","2,925,721","85.0%","82.7%","2.5%","1,492,860","71.6%","67.4%","5.1%","3,148,219","77.7%","75.1%","3.0%","534,041","79.1%","76.3%","3.1%","959,475","84.9%","82.5%","2.2%","1,638,247","77.9%","74.3%","4.1%","726,603","82.7%","80.5%","2.5%","4,716,154","81.8%","78.4%","3.8%","1,048,258","72.6%","68.3%","5.0%","10,368,766","79.6%","76.5%","3.7%","5,436,142","77.4%","73.8%","3.6%","384,198","85.2%","82.2%","2.0%","6,006,257","78.6%","75.6%","3.7%","1,984,022","74.9%","71.5%","3.6%","2,220,622","78.3%","75.2%","3.9%","6,639,818","79.1%","76.0%","3.7%","559,797","81.2%","78.4%","2.9%","2,627,666","76.2%","72.6%","3.7%","434,230","83.3%","81.1%","2.2%","3,554,997","75.8%","72.5%","3.8%","15,033,823","78.0%","74.8%","3.5%","1,546,394","80.7%","78.8%","2.1%","320,357","81.5%","79.4%","2.5%","4,514,421","80.5%","76.0%","3.2%","4,082,639","79.5%","75.6%","3.7%","913,686","69.3%","65.5%","5.1%","2,995,389","82.1%","79.9%","2.6%","291,058","80.6%","78.2%","2.3%","1,622,070","62.6%","55.2%","11.5%"
"        Less than high school graduate","294,290","49.6%","45.0%","9.2%","24,260","53.2%","47.1%","11.4%","460,254","61.2%","56.5%","7.6%","167,437","54.6%","50.5%","7.2%","3,197,226","66.2%","62.2%","6.1%","232,972","69.8%","66.1%","5.2%","148,752","59.8%","52.1%","12.8%","47,029","59.6%","55.5%","6.9%","28,942","52.6%","45.6%","13.2%","1,165,234","61.7%","58.1%","5.7%","618,844","57.9%","53.7%","7.2%","40,519","65.6%","62.2%","5.0%","74,809","66.7%","63.3%","5.0%","613,568","61.0%","56.8%","6.9%","337,596","57.8%","53.7%","7.1%","106,567","66.0%","61.9%","6.2%","118,245","68.5%","64.9%","5.0%","250,109","44.6%","40.9%","8.2%","313,667","50.2%","43.9%","12.4%","37,516","50.8%","46.6%","7.3%","272,693","64.6%","60.0%","7.0%","267,768","63.3%","59.0%","6.8%","403,794","53.6%","47.7%","11.0%","166,618","68.3%","63.5%","7.1%","191,057","50.2%","43.9%","12.6%","261,124","53.1%","49.2%","7.2%","26,943","56.8%","53.3%","6.2%","74,848","71.1%","66.8%","6.0%","223,783","68.6%","65.3%","4.9%","42,751","63.3%","56.9%","10.1%","385,431","66.3%","62.3%","6.0%","139,037","55.0%","50.4%","8.4%","1,105,118","60.0%","55.7%","7.2%","573,870","60.1%","55.7%","7.3%","18,539","61.9%","59.6%","3.7%","483,615","54.8%","49.5%","9.6%","221,995","56.8%","53.3%","6.2%","197,848","64.4%","60.3%","6.4%","521,495","55.3%","51.0%","7.8%","51,091","62.6%","59.0%","5.7%","281,109","56.1%","51.2%","8.7%","31,095","64.2%","59.4%","7.5%","368,208","52.0%","48.1%","7.4%","2,154,847","65.2%","62.3%","4.4%","107,593","68.8%","66.3%","3.7%","20,445","52.7%","51.0%","3.3%","388,492","62.3%","58.3%","6.3%","337,436","67.5%","63.1%","6.4%","94,127","43.9%","39.8%","9.3%","197,880","62.4%","58.8%","5.8%","15,282","73.2%","67.0%","8.6%","212,499","36.1%","27.1%","24.9%"
"        High school graduate (includes equivalency)","746,953","67.0%","63.4%","5.1%","111,672","71.9%","65.9%","7.8%","855,284","71.3%","67.8%","4.7%","521,906","67.8%","65.0%","4.0%","4,364,280","73.8%","69.6%","5.3%","643,086","74.8%","71.3%","4.1%","482,596","78.3%","74.0%","5.2%","144,209","73.4%","69.2%","5.3%","60,106","68.5%","57.7%","15.6%","3,047,873","73.2%","69.4%","4.8%","1,451,356","71.1%","67.3%","4.9%","198,198","75.2%","69.7%","4.1%","225,414","75.2%","73.3%","2.4%","1,588,677","73.7%","69.1%","6.1%","1,074,872","73.3%","70.0%","4.4%","431,240","77.5%","74.4%","4.0%","346,776","75.4%","71.5%","4.6%","734,065","64.9%","61.5%","5.1%","792,138","68.0%","63.7%","5.8%","215,384","74.7%","71.5%","4.1%","762,399","75.5%","71.7%","4.7%","817,325","77.4%","73.6%","4.9%","1,398,262","70.2%","65.9%","6.0%","633,529","78.2%","75.3%","3.7%","441,336","64.7%","60.6%","6.0%","923,321","70.9%","68.0%","4.0%","144,116","74.0%","71.2%","3.8%","218,107","79.1%","76.5%","3.1%","455,575","75.4%","71.8%","4.7%","198,782","77.3%","74.9%","2.8%","1,171,924","75.7%","71.6%","5.4%","281,886","66.5%","61.9%","6.6%","2,507,698","73.1%","69.7%","4.5%","1,301,916","70.6%","66.6%","4.9%","93,449","80.7%","77.3%","3.4%","1,827,474","72.4%","68.8%","4.9%","617,108","69.6%","66.1%","4.7%","495,061","71.4%","67.6%","5.2%","2,102,976","73.3%","69.7%","4.9%","151,000","76.1%","73.4%","3.3%","733,232","71.2%","67.4%","4.7%","120,296","76.7%","74.1%","3.3%","1,085,535","70.2%","66.7%","4.7%","3,770,054","73.1%","69.5%","4.6%","352,115","77.6%","75.2%","3.0%","89,786","75.2%","72.0%","4.3%","1,017,816","73.0%","69.3%","3.8%","885,424","74.0%","69.5%","5.3%","359,245","63.5%","59.4%","6.4%","823,340","76.4%","73.2%","4.1%","85,883","77.5%","75.8%","2.0%","456,903","53.3%","45.0%","15.6%"
"        Some college or associate's degree","777,099","76.3%","72.5%","4.1%","139,242","78.4%","70.1%","4.4%","1,235,009","76.6%","73.2%","3.8%","454,836","76.9%","73.6%","3.7%","5,996,070","78.9%","74.8%","4.3%","889,203","80.3%","76.7%","3.4%","456,873","83.7%","79.0%","4.9%","134,625","81.7%","77.0%","3.4%","66,977","76.8%","69.8%","8.5%","3,333,577","79.1%","75.6%","3.7%","1,593,345","78.9%","74.7%","3.9%","238,831","81.7%","74.0%","2.7%","326,387","77.5%","74.7%","2.7%","1,901,016","81.5%","77.5%","4.6%","1,027,643","81.7%","79.1%","3.0%","539,854","85.2%","82.6%","2.8%","466,507","82.1%","78.6%","2.8%","700,523","75.9%","72.3%","3.6%","676,357","76.3%","72.2%","4.2%","214,677","78.7%","76.4%","2.5%","820,878","82.5%","77.6%","4.2%","826,568","82.5%","79.0%","3.9%","1,705,638","78.9%","75.9%","3.8%","966,824","85.7%","83.3%","2.6%","523,688","76.5%","72.5%","4.3%","946,711","80.2%","77.3%","3.1%","176,699","78.9%","75.8%","3.5%","323,148","85.5%","83.0%","2.0%","545,759","79.0%","74.9%","4.2%","204,657","83.4%","81.6%","1.8%","1,082,572","82.0%","78.3%","3.8%","352,226","75.3%","70.5%","4.9%","2,578,978","79.8%","76.4%","4.0%","1,714,579","79.2%","75.2%","3.4%","147,401","86.6%","82.9%","2.2%","1,821,261","81.1%","77.9%","3.7%","615,851","76.8%","72.8%","3.8%","745,153","78.2%","74.6%","4.5%","1,699,500","80.7%","77.1%","4.1%","152,361","80.5%","77.6%","3.3%","821,957","78.0%","74.3%","3.4%","146,178","86.2%","84.3%","1.6%","1,015,796","78.8%","75.0%","3.8%","4,355,609","79.4%","75.9%","3.5%","539,364","79.9%","78.0%","2.0%","82,841","82.6%","80.7%","2.1%","1,233,437","80.5%","74.8%","3.8%","1,319,948","77.6%","73.1%","3.8%","254,481","74.3%","70.1%","5.2%","973,540","83.5%","81.4%","2.3%","107,175","80.1%","77.8%","1.9%","446,459","66.9%","58.7%","12.0%"
"        Bachelor's degree or higher","687,404","84.8%","82.2%","1.9%","118,296","84.7%","79.4%","1.7%","1,086,752","84.8%","82.0%","2.7%","368,040","85.9%","84.0%","1.7%","7,545,298","86.5%","83.5%","3.0%","1,364,304","88.0%","85.4%","2.1%","779,167","87.3%","84.8%","2.6%","171,810","88.6%","85.9%","2.2%","261,583","92.8%","90.5%","1.8%","3,439,620","84.5%","81.9%","2.4%","1,893,485","86.9%","84.3%","2.3%","249,650","86.5%","81.0%","1.7%","255,770","83.1%","80.8%","2.3%","2,546,072","88.3%","86.2%","2.3%","977,432","88.1%","86.6%","1.6%","491,768","90.3%","88.9%","1.4%","508,557","89.0%","86.7%","1.5%","609,186","87.6%","85.8%","1.7%","615,845","84.7%","82.3%","2.1%","237,597","88.0%","86.6%","1.3%","1,368,001","89.7%","86.8%","2.4%","1,766,622","89.4%","87.4%","2.1%","1,620,524","86.8%","84.8%","2.3%","1,158,750","90.4%","89.0%","1.4%","336,779","85.3%","81.6%","2.9%","1,017,063","87.9%","86.1%","1.5%","186,283","86.5%","84.1%","2.1%","343,372","91.1%","89.3%","1.3%","413,130","84.4%","81.3%","2.9%","280,413","88.9%","87.2%","1.9%","2,076,227","88.0%","85.3%","2.8%","275,109","84.2%","81.3%","2.6%","4,176,972","88.5%","86.2%","2.5%","1,845,777","86.0%","83.0%","2.2%","124,809","90.2%","88.4%","0.6%","1,873,907","88.5%","86.6%","1.9%","529,068","86.6%","83.9%","1.8%","782,560","86.4%","84.3%","2.3%","2,315,847","88.6%","86.6%","2.0%","205,345","90.2%","87.5%","1.9%","791,368","86.0%","83.4%","2.0%","136,661","90.5%","89.0%","1.2%","1,085,458","86.5%","84.2%","2.2%","4,753,313","86.4%","83.7%","2.5%","547,322","85.9%","84.3%","1.5%","127,285","89.9%","88.3%","1.6%","1,874,676","88.3%","84.2%","2.0%","1,539,831","86.9%","84.1%","2.4%","205,833","84.9%","82.3%","2.3%","1,000,629","89.3%","88.0%","1.4%","82,718","85.8%","83.4%","2.1%","506,209","78.2%","73.3%","6.0%"